identity,user,excluded
ceo_rnd_oim:test-user-004,test-user-004,false
ceo_rnd_oim:test-user-005,test-user-005,false
ceo_rnd_oim:test-user-006,test-user-006,false
ceo_rnd_oim:test-user-007,test-user-007,false
ceo_rnd_oim:test-user-008,test-user-008,false
ceo_rnd_oim:test-user-009,test-user-009,false
ceo_rnd_oim:test-user-010,test-user-010,false
ceo_rnd_oim:test-user-011,test-user-011,false
ceo_rnd_oim:test-user-012,test-user-012,false
ceo_rnd_oim:test-user-013,test-user-013,false
ceo_rnd_oim:test-user-014,test-user-014,false
ceo_rnd_oim:test-user-015,test-user-015,false
ceo_rnd_oim:test-user-016,test-user-016,false
ceo_rnd_oim:test-user-017,test-user-017,false
ceo_rnd_oim:test-user-018,test-user-018,false
ceo_rnd_oim:test-user-019,test-user-019,false
ceo_rnd_oim:test-user-020,test-user-020,false
ceo_rnd_oim:test-user-021,test-user-021,false
ceo_rnd_oim:test-user-022,test-user-022,false
ceo_rnd_oim:test-user-023,test-user-023,false
ceo_rnd_oim:test-user-024,test-user-024,false
ceo_rnd_oim:test-user-025,test-user-025,false
ceo_rnd_oim:test-user-026,test-user-026,false
ceo_rnd_oim:test-user-027,test-user-027,false
ceo_rnd_oim:test-user-028,test-user-028,false
ceo_rnd_oim:test-user-029,test-user-029,false
ceo_rnd_oim:test-user-030,test-user-030,false
ceo_rnd_oim:test-user-031,test-user-031,false
ceo_rnd_oim:test-user-032,test-user-032,false
ceo_rnd_oim:test-user-033,test-user-033,false
ceo_rnd_oim:test-user-034,test-user-034,false
ceo_rnd_oim:test-user-035,test-user-035,false
ceo_rnd_oim:test-user-036,test-user-036,false
ceo_rnd_oim:test-user-037,test-user-037,false
ceo_rnd_oim:test-user-038,test-user-038,false
ceo_rnd_oim:test-user-039,test-user-039,false
ceo_rnd_oim:test-user-040,test-user-040,false
ceo_rnd_oim:test-user-041,test-user-041,false
ceo_rnd_oim:test-user-042,test-user-042,false
ceo_rnd_oim:test-user-043,test-user-043,false
ceo_rnd_oim:test-user-044,test-user-044,false
ceo_rnd_oim:test-user-045,test-user-045,false
ceo_rnd_oim:test-user-046,test-user-046,false
ceo_rnd_oim:test-user-047,test-user-047,false
ceo_rnd_oim:test-user-048,test-user-048,false
ceo_rnd_oim:test-user-049,test-user-049,false
ceo_rnd_oim:test-user-050,test-user-050,false
